route_id,route_short_name,route_long_name,avg_headway_min,headway_std,peak_trip_count,stops_served,headway_score,variability_score,crowding_risk_score,risk_rank
158,144A,Pune Station Moledina Stand to Aditya Garden City (UP),524.4,216.97512318612164,2,38,0.7869013465063056,0.791705552608546,0.7883426083369777,1
294,179,Hadapsar Gadital to Lohegaon Khandoba Mal (DOWN),603.9795918367347,131.31934514062755,2,46,0.9065865399648767,0.47916209557153006,0.7783592066468726,2
196,153,Kharadi Gaon to Alandi (DOWN),630.9090909090909,105.39697684123934,2,33,0.9470876562916579,0.3845757548978813,0.7783340858735248,3
859,47,Swargate to Sanaswadi Nandoshi (DOWN),505.4,224.22164690050673,2,38,0.7583259464165661,0.818146892876236,0.776272230354467,4
609,316,Katar Khadak to Chinchwadgaon (UP),648.2926829268292,81.90398155841973,2,41,0.9732320298129039,0.2988537857629222,0.7709185565979093,5
425,225,Kharadi Gaon to Hinjawadi Maan Phase 3 (DOWN),475.6,241.59470192866397,2,38,0.7135076873284486,0.8815382343793234,0.763916851443711,6
451,232,Marketyard Depot to Gram Panchayat Belawade (DOWN),666.0909090909091,46.28505587450874,2,55,0.9999999999984961,0.16888634604996616,0.750665903813937,7
112,131,Golegaon Gram Panchayat to Ma Na Pa Dengle Pul Nadikhathi (UP),548.3333333333334,158.49040677450483,3,52,0.8228963241632055,0.578304707175705,0.7495188390669553,8
628,322A,Ma Na Pa Main Gate to Akurdi Railway Station (DOWN),450.5769230769231,251.00123788100706,2,33,0.6758737697203829,0.9158610942303752,0.7478699670733806,9
562,302A,Pimprigaon to Alandi (DOWN),472.2463768115942,229.47756559559258,2,49,0.7084639439411369,0.8373248518692081,0.7471222163195582,10
16,107,Pimplegurav to Ganpati Matha (UP),580.3333333333334,121.02967329618724,3,42,0.8710233137880297,0.4416168221128063,0.7422013662854626,11
488,26,Shivaji Nagar to Dhankawadi (UP),455.0,236.65526464820994,2,24,0.682525937757468,0.8635150625784593,0.7368226752037653,12
489,26,Dhankawadi to Shivaji Nagar (DOWN),505.17857142857144,184.8847596169688,2,23,0.757992924836573,0.6746132396749022,0.7329790192880716,13
279,172,Pune Station Jayprakash Stand to Yewalewadi (UP),471.42857142857144,214.48821600543656,2,40,0.7072339904666411,0.7826312486290916,0.7298531679153762,14
382,209A,Saswad to Swargate (UP),606.8644067796611,82.22078301473307,2,59,0.910925210553244,0.3000097407330346,0.7276505696071811,15
17,107,Ganpati Matha to Pimplegurav (DOWN),574.8785310734464,108.07430496286963,2,57,0.8628194634203095,0.39434487270698365,0.7222770862063116,16
1266,332,Tata Motors Bebadohal to Nigdi Pawale Chowk (UP),467.1,209.3919525576816,3,37,0.7007239557093546,0.7640358446496107,0.7197175223914314,17
383,209A,Swargate to Saswad (DOWN),595.438596491228,80.34124042035135,1,57,0.893741152640537,0.2931516074757034,0.7135642890910869,18
663,331B,Charholigaon to Pimple Saudagar (DOWN),447.9761904761905,220.91010962540906,2,58,0.6719623500049954,0.8060636530565446,0.71219274092046,19
575,305B,Mindewadi Navlakh Umbre to Nigdi Pawale Chowk (UP),578.3088235294117,94.48450198319917,2,65,0.867978514965258,0.3447579785051443,0.7110123540272238,20
631,323A,Gharkul Vasahat Chikhali to Ma Na Pa Main Stand (UP),486.25,181.84778530759348,3,38,0.7295249510629604,0.6635318337120653,0.7097270158576918,21
535,297,Rajas Society to Shivaji Nagar (DOWN),488.1818181818182,176.25362665514405,2,27,0.7324303446127545,0.6431196942820615,0.7056371495135466,22
205,157,JSPM Vidhyapith Wagholi to Ma Na Pa Shramik Bhavan (UP),511.16279069767444,136.22826261420101,2,38,0.7669930016702228,0.4970739057553706,0.6860172728957671,23
576,305B,Nigdi Pawale Chowk to Mindewadi Navlakh Umbre (DOWN),586.6666666666666,61.02891365481442,1,54,0.880548447151276,0.22268419116756413,0.6831891703561623,24
82,124,Neilsoft Company infosys Phase 3 to Aundhgaon (UP),463.0769230769231,178.33363287777382,2,50,0.6946733750425799,0.6507092854376509,0.6814841481611011,25
287,176,Vadachi Wadi to Pune Station Depot (UP),523.4782608695652,119.65166835080252,2,42,0.7855150799573297,0.43658871496963264,0.6808371704610205,26
58,119A,Charholigaon to Ma Na Pa Daphale Garage (UP),462.3728813559322,177.6895683493416,3,46,0.6936145185237808,0.6483592028295144,0.6800379238155008,27
479,258,Ma Na Pa Main Gate to Nilanjan Society Soosgaon (DOWN),420.0,218.1587044767709,3,40,0.6298870428553165,0.7960242406959671,0.6797282022075116,28
610,316,Chinchwadgaon to Katar Khadak (DOWN),552.0967741935484,90.68748529661404,1,62,0.8285564203892432,0.33090330636589593,0.6792604861822389,29
367,205,Sangvi Vasantdada Putala to Shewalewadi Depot (UP),452.3076923076923,184.58041626870946,2,58,0.678476791995764,0.6735027422354803,0.6769845770676789,30
580,306A,Dange Chowk to Hinjewadi Hills Dattawadi (DOWN),393.6842105263158,238.78884559785217,2,34,0.5903089263875334,0.8713001388580226,0.6746062901286801,31
195,153,Alandi to Kharadi Gaon (UP),556.6666666666666,79.62174728997995,1,54,0.8354293943780033,0.29052629864760277,0.6719584656588832,32
922,67A,Uruli Kanchan to Swargate (UP),440.74074074074076,190.56349189822387,3,58,0.6610804620565915,0.6953339739822654,0.6713565156342937,33
400,213,Nira to Hadapsar Gadital (UP),439.25,190.68743564589553,3,114,0.6588384350514999,0.695786223769254,0.6699227716668261,34
153,142,Pune Station Depot to Ghotawade Phata (DOWN),376.1363636363636,250.60446108012732,3,61,0.5639175187246981,0.9144133227449165,0.6690662599307635,35
237,162,Pabal Gaon to Ma Na Pa Shramik Bhavan (UP),566.8962686567164,66.33189981325592,2,66,0.850814392779291,0.24203389137924694,0.6681802423592778,36
414,219,Alandi to Kothrud Depot (UP),434.0,193.54644072961182,2,63,0.650942600816177,0.7062182501070043,0.6675252956034252,37
397,212,Hadapsar Gadital to Morgaon St Stand (DOWN),635.0,0.0,1,16,0.9532402543971042,0.0,0.6672681780779729,38
127,136,Wagholi Kesnand Phata to Vadegaon (DOWN),350.0,274.06037821817824,2,17,0.5246092530510136,0.9999999999963513,0.6672264771346148,39
914,65A,Patas to Hadapsar Gadital Solapur Road (UP),430.7692307692308,194.52751325399802,3,99,0.6460836259021323,0.709798017933208,0.665197943511455,40
659,331A,Pimple Saudagar- Mahadev Mandir / Pimple Saudagar to Charholigaon Burde Vasti (UP),400.0485436893204,223.4198272066175,3,63,0.59988068251581,0.8152211883322249,0.6644828342607344,41
455,233B,Marketyard Depot to Bhadasgaon (DOWN),630.0,0.0,1,52,0.9457204122682256,0.0,0.6620042885877578,42
396,212,Morgaon St Stand to Hadapsar Gadital (UP),630.0,0.0,1,86,0.9457204122682256,0.0,0.6620042885877578,43
499,279,Marketyard Depot to Katar Khadak (DOWN),625.0,0.0,1,26,0.9382005701393468,0.0,0.6567403990975427,44
424,225,Hinjawadi Maan Phase 3 to Kharadi Gaon (UP),620.0,0.0,1,50,0.930680728010468,0.0,0.6514765096073275,45
632,323A,Ma Na Pa Main Stand to Gharkul Vasahat Chikhali (DOWN),620.0,0.0,1,37,0.930680728010468,0.0,0.6514765096073275,46
171,147,Ma Na Pa Shramik Bhavan to Nhavi Sandas (DOWN),620.0,0.0,1,22,0.930680728010468,0.0,0.6514765096073275,47
858,47,Sanaswadi Nandoshi to Swargate (UP),498.6363636363636,116.32134538046104,2,40,0.7481536508822283,0.42443692932304755,0.6510386344144741,48
331,193,Khutbav Gaon to Hadapsar Gadital Solapur Road (UP),406.7153284671533,202.93837621978307,3,87,0.609907316323113,0.7404878353392779,0.6490814720279624,49
245,164,Nhavare to Ma Na Pa Shramik Bhavan (UP),407.97945205479454,200.90362998310243,4,97,0.6118085182852039,0.7330633902228322,0.6481849798664924,50
561,302A,Alandi to Pimprigaon (UP),459.4166666666667,150.22889785727784,2,49,0.6891684649713109,0.5481598574498541,0.6468658827148738,51
435,227,Marketyard Depot to Marnewadi (DOWN),615.0,0.0,1,46,0.9231608858815892,0.0,0.6462126201171123,52
293,179,Lohegaon Khandoba Mal to Hadapsar Gadital (UP),445.18518518518516,162.76781403525118,2,42,0.6677647661711503,0.5939122433271932,0.6456090093179632,53
159,144A,Aditya Garden City to Pune Station Moledina Stand (DOWN),532.5,78.3741028656788,2,26,0.7990834907550892,0.28597385501307143,0.6451506000324839,54
332,193,Hadapsar Gadital Solapur Road to Khutbav Gaon (DOWN),393.8732394366197,206.604080862765,4,86,0.5905932199001893,0.7538633720250307,0.6395742655376417,55
59,119A,Ma Na Pa Daphale Garage to Charholigaon (DOWN),605.0,0.0,1,44,0.9081212016238316,0.0,0.6356848411366821,56
923,67A,Swargate to Uruli Kanchan (DOWN),386.8041237113402,207.8237754673044,3,57,0.579961493051214,0.7583138314911705,0.6334671945832009,57
415,219,Kothrud Depot to Alandi (DOWN),385.94594594594594,207.83900403209114,3,65,0.5786708207883583,0.7583693979502323,0.6325803939369204,58
915,65A,Hadapsar Gadital Solapur Road to Patas (DOWN),384.1666666666667,208.6165340605417,5,98,0.5759948409316853,0.7612064736103583,0.6315583307352871,59
1003,87A,Deccan Gymkhana to Zilla Parishad Shala Chande (DOWN),363.72093023255815,228.23257751496496,4,46,0.545245098893053,0.8327821007837815,0.6315061994602715,60
167,145,Pune Station Depot to Sutarwadi Depot (DOWN),600.0,0.0,1,34,0.9006013594949528,0.0,0.6304209516464669,61
524,293,Saswad to Balaji Nagar Corner Satara Road (UP),340.0,250.02777623473932,2,34,0.509569568793256,0.9123090972120786,0.6303914273189027,62
246,164,Ma Na Pa Shramik Bhavan to Nhavare (DOWN),357.49056603773585,231.97162277139972,6,101,0.5358748278629565,0.8464252449724117,0.6290399529957931,63
401,213,Hadapsar Gadital to Nira (DOWN),377.85353535353534,211.18246678353282,6,114,0.5665000907689595,0.7705691284372411,0.6277208020694439,64
113,131,Ma Na Pa Dengle Pul Nadikathi to Golegaon Gram Panchayat (DOWN),590.0,0.0,1,50,0.8855616752371952,0.0,0.6198931726660366,65
434,227,Marnewadi to Marketyard Depot (UP),590.0,0.0,1,57,0.8855616752371952,0.0,0.6198931726660366,66
218,159B,Ma Na Pa Shramik Bhavan to Loni Dhamni (DOWN),327.1387283236994,252.62757162448648,5,99,0.4902266222767758,0.9217953111866795,0.6196972289497469,67
280,172,Yewalewadi to Pune Station Jayprakash Stand (DOWN),392.4590163934426,188.0129050331822,2,39,0.5884662730962464,0.6860273135973707,0.6177345852465836,68
170,147,Nhavi Sandas to Ma Na Pa Shramik Bhavan (UP),585.0,0.0,1,52,0.8780418331083164,0.0,0.6146292831758214,69
83,124,Aundhgaon to Neilsoft Company infosys Phase 3 (DOWN),360.82474226804123,210.81029239921685,3,51,0.5408893236393079,0.7692111270116635,0.6093858646510145,70
662,331B,Pimple Saudagar- Mahadev Mandir / Pimple Saudagar to Charholigaon (UP),354.4347826086956,214.51778360152792,3,60,0.5312790260696713,0.7827391357898825,0.6067170589857346,71
423,221,Kesnand Phata Wagholi to IV VILLA LANE NO. 1 (DOWN),350.0,216.88706738761533,2,8,0.5246092530510136,0.7913842518824853,0.6046417527004551,72
449,231,Marketyard Depot to Shilim Gaon (DOWN),575.0,0.0,1,41,0.8630021488505589,0.0,0.6041015041953912,73
498,279,Katar Khadak to Marketyard Depot (UP),575.0,0.0,1,72,0.8630021488505589,0.0,0.6041015041953912,74
579,306A,Hinjewadi Hills Dattawadi to Dange Chowk (UP),384.62264150943395,183.04804186701855,3,34,0.5766806126981553,0.6679113670368904,0.6040498389997758,75
478,258,Nilanjan Society Soosgaon to Ma Na Pa Main Gate (UP),352.98161764705884,213.15708906750493,3,40,0.5290935118499258,0.7777741914120608,0.6036977157185663,76
217,159B,Loni Dhamni to Ma Na Pa Shramik Bhavan (UP),332.1311475409836,232.44482805696964,4,100,0.49773506314780736,0.8481518910809982,0.6028601115277645,77
1109,METRO SHUTTLE 20,Ramwadi Metro Station to PANCHSHIL TOWERS E VON GATE NO. 2 Kharadi (DOWN),350.0,213.15807194747197,3,17,0.5246092530510136,0.7777777777749398,0.6005598104681914,78
316,185,Hadapsar Gadital Solapur Road to Wagholi Kesnand Phata (DOWN),350.0,211.83409595843233,3,29,0.5246092530510136,0.7729468131618034,0.5991105210842504,79
448,231,Shilim Gaon to Marketyard Depot (UP),570.0,0.0,1,89,0.8554823067216801,0.0,0.598837614705176,80
208,158A,Ma Na Pa Dengle Pul Nadikhathi to Dimond Water Park (DOWN),350.0,211.51626517784067,3,35,0.5246092530510136,0.7717871023613699,0.5987626078441205,81
206,157,Ma Na Pa Shramik Bhavan to JSPM Vidhyapith Wagholi (DOWN),350.0,211.43346373987512,3,37,0.5246092530510136,0.7714849739088604,0.5986719693083676,82
288,176,Pune Station Depot to Vadachi Wadi (DOWN),350.0,211.29231988987306,3,41,0.5246092530510136,0.7709699638555312,0.5985174662923689,83
314,184,Hadapsar Gadital Solapur Road to Ramdara (DOWN),332.5,224.44326833691045,2,29,0.4982898055999378,0.8189555520404822,0.5944895295321011,84
661,331A,Charholigaon Burde Vasti to Pimple Saudagar (DOWN),350.7826086956522,205.5593474131607,3,60,0.5257862718190119,0.7500513162423128,0.5930657851460022,85
422,221,I V Estate Wagholi to Wagholi Kesnand Phata (UP),560.0,0.0,1,8,0.8404426224639225,0.0,0.5883098357247457,86
207,158A,Dimond Water Park to Ma Na Pa Dengle Pul Nadikathi (UP),560.0,0.0,1,38,0.8404426224639225,0.0,0.5883098357247457,87
1108,METRO SHUTTLE 20,PANCHSHIL TOWERS E VON GATE NO. 2 Kharadi to Ramwadi Metro Station (UP),560.0,0.0,1,20,0.8404426224639225,0.0,0.5883098357247457,88
315,185,Kesnand Phata Wagholi to Hadapsar Gadital Solapur Road (UP),560.0,0.0,1,29,0.8404426224639225,0.0,0.5883098357247457,89
454,233B,Bhadasgaon to Marketyard Depot (UP),555.0,0.0,1,44,0.8329227803350437,0.0,0.5830459462345305,90
150,141,Pune Station Jayprakash Stand to Kumar Pruthvi Kondhwa (UP),303.357037037037,239.1044791521424,3,21,0.4544597094700892,0.8724518323510447,0.5798573463343759,91
672,334,Gharkul Vasahat Chikhali to Pimprigaon (UP),320.0,222.80266075840666,2,20,0.47949020027774086,0.8129692522726562,0.5795339158762154,92
530,296A,Vangniwadi to Balaji Nagar Corner Satara Road (UP),545.0,0.0,1,44,0.8178830960772862,0.0,0.5725181672541003,93
531,296A,Balaji Nagar Corner Satara Road to Vangniwadi (DOWN),540.0,0.0,1,26,0.8103632539484074,0.0,0.5672542777638852,94
1267,332,Nigdi Pawale Chowk to Tata Motors Bebadohal (DOWN),331.0,200.65219746572947,3,37,0.49603385296127417,0.7321459554626281,0.5668674837116803,95
487,264,Bhosari Pmt Chowk to Pabal Gaon (DOWN),396.585,137.2902846162102,1,10,0.5946716221657772,0.5009490445438014,0.5665548488791845,96
66,11C,Pimplegurav to Katraj (UP),288.46153846153845,238.5383046351103,3,46,0.4320573499263516,0.8703859572299818,0.5635559321174406,97
525,293,Balaji Nagar Corner Satara Road to Saswad (DOWN),535.0,0.0,1,26,0.8028434118195287,0.0,0.56199038827367,98
368,205,Shewalewadi Depot to Sangvi Vasantdada Putala (DOWN),278.86861313868616,245.656378178899,4,58,0.417629893129957,0.8963586045350805,0.561248506551494,99
238,162,Ma Na Pa Shramik Bhavan to Pabal Gaon (DOWN),301.45269607843136,217.09694868753593,2,66,0.4515956407964347,0.7921500732729555,0.5537619705393909,100
627,322A,Akurdi Railway Station to Ma Na Pa Main Gate (UP),272.244094488189,240.61405296592596,3,57,0.40766682624364664,0.8779600120579861,0.5487547819879485,101
433,227A,Marketyard Depot to Mhasoba Mandir Kharawade (DOWN),259.97607655502395,251.55215165416547,5,82,0.3892161146253157,0.9178712854763269,0.547812665880619,102
533,296,Balaji Nagar Corner Satara Road to Velhe (DOWN),291.8859649122807,220.07596841234877,5,104,0.43720757918465925,0.8030200127518772,0.5469513092548246,103
166,145,Sutarwadi Depot to Pune Station Depot (UP),319.19117647058823,188.74607892362434,3,33,0.478273755227481,0.6887025412067254,0.5414023910212543,104
147,140A,Katraj Kondhwa Road to Pune Station Jayprakash Stand (DOWN),515.0,0.0,1,31,0.7727640433040135,0.0,0.5409348303128094,105
313,184,Ramdara to Hadapsar Gadital Solapur Road (UP),276.0869565217391,220.0332019819385,3,30,0.4134463694067185,0.8028639652754481,0.5302716481673373,106
453,233A,Marketyard Depot to Kolwan Gaon (DOWN),274.26724137931035,219.65612076552665,4,98,0.4107095752885995,0.8014880596488775,0.5279431205966829,107
485,262,Pune Station Moledina Stand to Sant Tukaram Maharaj Krida Sankul Dehugaon (DOWN),282.375,209.9849874837567,4,69,0.422903388257928,0.7661997288634784,0.5258922904395931,108
504,283,Pune Station Moledina Stand to Kumbare Park (UP),500.0,0.0,1,33,0.750204516917377,0.0,0.5251431618421638,109
486,264,Pabal Gaon to Bhosari Pmt Chowk (UP),500.0,0.0,1,35,0.750204516917377,0.0,0.5251431618421638,110
19,108,Sutardara to Pune Station Moledina Stand (DOWN),297.5,194.24211695716252,2,28,0.4456509106977863,0.7087566550821093,0.5245826340130831,111
1002,87A,Zilla Parishad Shala Chande to Deccan Gymkhana (UP),255.77319587628867,234.28786180833544,3,43,0.38289511478719485,0.8548768097406807,0.5244896232732406,112
656,330,Talegaon Dhabhade Maruti Mandir to Alandi (UP),256.56595528455284,228.14815851468572,4,69,0.3840873999064608,0.8324740701197804,0.5186034009704567,113
124,135,Ranjangaon Sandas to Ma Na Pa Shramik Bhavan (UP),485.0,0.0,1,38,0.7276449905307407,0.0,0.5093514933715185,114
348,19A,Yewalewadi to Swargate (DOWN),261.1267605633803,213.4850232001878,3,26,0.3909467070419287,0.7789707676366643,0.5073539252203494,115
152,142,Ghotawade Phata to Pune Station Moledina Stand (UP),273.97849462365593,199.3802342093152,2,56,0.4102753092850501,0.7275047765199463,0.505444149455519,116
457,233,Marketyard Depot to Paud Shashkiy Vishram Gruh (DOWN),236.2325581395349,235.35614663195858,4,74,0.3535066126115949,0.8587748005066747,0.5050870689801188,117
67,11C,Katraj to Pimplegurav (DOWN),240.46391752577318,229.40943482921486,4,46,0.3598704435266072,0.8370762542177693,0.5030321867339558,118
484,262,Sant Tukaram Maharaj Krida Sankul Dehugaon to Pune Station Moledina Stand (UP),259.0449438202247,210.08187320391752,4,68,0.3878157203919714,0.7665532484812735,0.5014369788187619,119
37,113,Vasant Talkies to Sangvi Vasantdada Putala (DOWN),261.25,205.74281429445554,3,27,0.3911320552634151,0.750720755883632,0.49900866544948014,120
347,19A,Swargate to Yewalewadi (UP),265.84615384615387,200.8333599319059,3,27,0.3980445255280384,0.7328069866826593,0.4984732638744246,121
130,137,Pargaon Salu Malu to Ma Na Pa Shramik Bhavan (UP),256.99261992619927,207.88461886380045,5,105,0.38472909005589195,0.7585358387615809,0.49687111466759865,122
36,113,Sangvi Vasantdada Putala to Vasant Talkies (UP),257.6470588235294,204.9289476216328,4,26,0.385713345494076,0.7477510939496042,0.49432467003073444,123
673,334,Pimprigaon to Gharkul Vasahat Chikhali (DOWN),240.0,221.5378071571532,3,17,0.3591727262156803,0.8083540152600227,0.493927112928983,124
456,233,Paud Shashkiy Vishram Gruh to Marketyard Depot (UP),241.01604278074868,213.67567816710022,4,73,0.36070082247716373,0.7796664353875127,0.4863905063502684,125
131,137,Ma Na Pa Shramik Bhavan to Pargaon Salu Malu (DOWN),215.0912408759124,238.3849252721098,5,104,0.3217107389677988,0.8698263018576979,0.4861454078347685,126
452,233A,Kolwan Gaon to Marketyard Depot (UP),242.93774319066148,210.69460092501043,4,97,0.3635909992174729,0.7687889883757973,0.4851503959649702,127
126,136,Vadegaon to Kesnand Phata Wagholi (UP),220.0,225.41739063346466,3,17,0.3290933577001652,0.8225099596600147,0.47711833828812,128
432,227A,Mhasoba Mandir Kharawade to Marketyard Depot (UP),227.3,213.7827194643021,6,80,0.3400723272083282,0.7800570109894929,0.47206773234267757,129
380,208,Hinjawadi Maan Phase 3 to Bhekrai Nagar (UP),219.53333333333333,211.6851604219274,5,78,0.32839150576813647,0.7724033725613317,0.461595065806095,130
574,305A,Nigdi Pawale Chowk to Greenbase Industrial Park Navlakh Umbre (DOWN),222.72972972972974,208.31683757646988,5,60,0.33319878502458006,0.7601129317929703,0.46127302905509715,131
392,210,Midc Jejuri to Hadapsar Gadital (UP),222.41228070175438,204.8626050002678,4,77,0.33272135170971195,0.7475090209370947,0.4571576524779267,132
532,296,Velhe to Balaji Nagar Corner Satara Road (UP),220.18987341772151,206.7019064240797,6,104,0.32937892132531243,0.7542203209643498,0.4568313412170236,133
657,330,Alandi to Talegaon Dhabhade Maruti Mandir (DOWN),182.52100840336135,242.52348961842924,6,69,0.2727261377089057,0.8849272236808797,0.4563864635004979,134
355,200,Alandi to Shewalewadi Depot (UP),216.75555555555556,200.7361625229606,5,72,0.3242138156965372,0.7324523297651695,0.4466853699171268,135
534,297,Shivaji Nagar to Rajas Society (UP),245.1315789473684,171.98056805777122,3,27,0.366890458926898,0.6275280256682371,0.44508172894929965,136
1244,257A,Indian Oil Petrol Pump Tulapur to Wagholi Kesnand Phata (UP),196.51162790697674,217.94639082803326,4,26,0.29376758769938577,0.7952495440757652,0.44421217461229956,137
583,307,ISKCON Mandir in Shindewasti Ravet to Chinchwadgaon (UP),215.0,199.7031695597328,3,20,0.3215735155712864,0.7286831130329293,0.44370639480977925,138
356,200,Shewalewadi Depot to Alandi (DOWN),206.8089430894309,202.9187031373895,6,72,0.3092544246040581,0.7404160515866559,0.43860291269883744,139
573,305A,Greenbase Industrial Park Navlakh Umbre to Nigdi Pawale Chowk (UP),201.35467980295567,206.8947987212149,5,59,0.3010513848353315,0.7549241523550404,0.43721321509124417,140
613,317,Sambhaji Nagar to Pune Station Depot (UP),204.4311377245509,200.32835933716893,7,49,0.3056782804126384,0.7309643248647839,0.433264093748282,141
151,141,Kumar Pruthvi Kondhwa to Pune Station Jayprakash Stand (DOWN),227.58620689655172,174.30373112359237,3,20,0.3405027733439812,0.6360048550476493,0.4291533978550816,142
497,277,Kothrud Depot to Bhosari Terminal (DOWN),193.95348837209303,192.0908597742556,5,53,0.28992022661019196,0.7009070812148993,0.4132162829916042,143
553,301A,Bhekrai Nagar to Katraj (UP),175.0,210.12645002474105,4,37,0.26141477854025613,0.7667159017663385,0.41300511550808083,144
1275,211,Saswad to Uruli Kanchan (DOWN),183.55769230769232,192.0576271174749,5,43,0.27428527756852944,0.7007858208671007,0.4022354405581008,145
584,307,Chinchwadgaon to ISKCON Mandir in Shindewasti Ravet (DOWN),178.75,186.65527014637902,4,20,0.2670546601369152,0.68107353335513,0.3912603221023796,146
501,281,Ganpati Matha to Nigdi Bhakti Shakti (DOWN),127.74539877300613,220.982546251948,10,56,0.190345350322233,0.8063279620639597,0.375140133844751,147
410,216,Shivaji Nagar to Bharati Vidyapeeth (UP),152.23809523809524,196.19699302807896,6,25,0.2271815924678365,0.7158896674628812,0.3737940149663499,148
1274,211,Uruli Kanchan to Saswad (UP),162.3783783783784,185.6708388507198,6,43,0.2424322581392486,0.6774815099402315,0.37294703367954346,149
1245,257A,Wagholi Kesnand Phata to Indian Oil Petrol Pump Tulapur (DOWN),167.0796460176991,173.71816982815878,6,26,0.24950281622990828,0.633868240848842,0.36481244361558834,150
373,207,Saswad to Swargate (UP),152.75665399239543,184.3476886963675,9,58,0.22796148846121358,0.6726535586582912,0.36136910952033685,151
115,132,Ma Na Pa Shramik Bhavan to Shubham Society Nagar Road (DOWN),135.88235294117646,198.59582788622424,5,21,0.2025830724731456,0.7246426104228695,0.35920093385806273,152
623,320,Hinjawadi Maan Phase 3 to Chinchwadgaon (UP),147.63736263736263,183.24098895384978,5,41,0.22026223590089747,0.6686153983459215,0.3547681846344047,153
335,195,Holkarwadi to Hadapsar Gadital (UP),138.46153846153845,182.26806027404905,6,26,0.20646208605998806,0.6650653460321841,0.34404306405164686,154
496,277,Bhosari Terminal to Kothrud Depot (UP),146.33093525179856,174.25713969965838,8,56,0.21829741036244035,0.6358348508163307,0.34355864249860746,155
379,207,Swargate to Saswad (DOWN),127.859375,187.66932727769364,8,58,0.19051676696892084,0.6847736564371453,0.33879383380938816,156
14,104,Dsk Vishwa to Shivaji Nagar (UP),139.8177570093458,174.49274427687246,7,44,0.20850179593434176,0.6366945320980433,0.3369596167834522,157
225,160,Manjari Budruk to Shaniwarwada Stand (UP),138.875,175.02507896393496,7,41,0.2070839191591069,0.6386369313989622,0.3365498228310635,158
624,320,Chinchwadgaon to Hinjawadi Maan Phase 3 (DOWN),139.01129943502823,174.1709579662179,6,37,0.20728890920584045,0.6355203882369515,0.33575835291517375,159
114,132,Shubham Society Nagar Road to Ma Na Pa Shramik Bhavan (UP),137.7826086956522,173.8914655759522,6,22,0.20544099712877578,0.6345005677430814,0.33415886831306746,160
393,210,Hadapsar Gadital to Midc Jejuri (DOWN),138.00802139037432,171.5646414881086,9,77,0.2057800107044069,0.6260103799130743,0.33184912146700707,161
154,143,Pune Station Moledina Stand to Galinde Path (UP),131.15384615384616,175.23203151579187,7,36,0.19547154756393448,0.6393920662827483,0.3286477031795786,162
614,317,Pune Station Depot to Sambhaji Nagar (DOWN),129.5539033457249,176.56651180518443,7,51,0.19306528409747312,0.6442613593124956,0.32842410666197985,163
15,104,Shivaji Nagar to Dsk Vishwa (DOWN),134.52991452991452,168.50769255117024,6,45,0.20054904780480132,0.6148560899102575,0.3248411604364382,164
311,183,Wagholi Kesnand Phata to Hadapsar Gadital Solapur Road (UP),134.88095238095238,166.95803598298176,8,55,0.20107699764901443,0.609201655007051,0.3235143948564254,165
234,161,Zilla Parishad Shala Karegaon to Kesnand Phata Wagholi (UP),127.8125,173.47922960241752,10,59,0.1904462684489626,0.6329963883494261,0.3232113044191016,166
165,144,Nda 10 No. Gate to Pune Station Moledina Stand (DOWN),132.61133603238866,167.10155483139454,7,45,0.19766356632215015,0.6097253310281723,0.3212820957339568,167
155,143,Galinde Path to Pune Station Moledina Stand (DOWN),130.6282722513089,168.72236003393337,8,35,0.1946811010091067,0.6156393752729868,0.3209685832882707,168
336,195,Hadapsar Gadital to Holkarwadi (DOWN),137.5,161.938461832144,5,22,0.20501596257366522,0.5908860773104335,0.3207769969946957,169
78,122,Chinchwadgaon to Ma Na Pa Main Stand (UP),130.05376344086022,167.5797424119068,8,34,0.19381705789786188,0.6114701566889245,0.31911298753518064,170
581,306,Megapolis Phase 3 to Dange Chowk (UP),128.1159420289855,169.32907849595287,6,26,0.1909026356796101,0.6178531883968025,0.3189878014947678,171
381,208,Bhekrai Nagar to Hinjawadi Maan Phase 3 (DOWN),123.2454128440367,169.0802213249009,8,79,0.18357751356862778,0.6169451506400533,0.3135878046900554,172
590,30,Marketyard Depot to Ghotawade Phata (DOWN),115.24647887323944,176.37826409848816,10,66,0.1715473694366836,0.6435744752473145,0.31315550117987284,173
162,144,Pune Station Moledina Stand to Nda 10 No. Gate (UP),116.08208955223881,167.04847122299418,8,46,0.17280410151413972,0.609531637913008,0.3038223624338002,174
476,257,Alandi to Panaychi Taki Markal (UP),118.60759493670886,164.28756966686512,10,25,0.17660238187150934,0.5994575747665248,0.303458939740014,175
300,180,Na Ta Wadi to Bhekrai Nagar (DOWN),118.29896907216495,160.29908348064498,7,34,0.17613821831585755,0.5849042627841909,0.29876803165635757,176
79,122,Ma Na Pa Main Stand to Chinchwadgaon (DOWN),110.52380952380952,166.83505278295902,7,34,0.16444462384976208,0.6087529100960871,0.2977371097236596,177
733,355,Radha Hotel to Nageshwar Vidyalaya Chikhli (DOWN),109.04255319148936,167.33085201887835,13,51,0.16221686109547215,0.610561997710798,0.2967204020800699,178
327,192,Vadachi Wadi to Hadapsar Gadital (UP),117.24358974358974,158.24062411382806,8,26,0.174550961128464,0.5773932924637359,0.29540366052904554,179
477,257,Panaychi Taki Markal to Alandi (DOWN),114.64968152866243,159.9139538756037,7,25,0.17064980507385297,0.5834989899478042,0.29450456053603835,180
670,333,Hinjawadi Maan Phase 3 to Pune Station Moledina Stand (UP),114.34673366834171,159.6235349934746,10,62,0.1701941810572743,0.582439300531858,0.2938677168996494,181
312,183,Hadapsar Gadital Solapur Road to Wagholi Kesnand Phata (DOWN),117.12389380530973,155.1966761034231,10,54,0.17437094221659727,0.5662864406444971,0.2919455917449672,182
582,306,Dange Chowk to Megapolis Phase 3 (DOWN),111.66666666666667,159.5441876913319,6,27,0.16616344490779153,0.5821497756371676,0.29095934412660435,183
589,30,Ghotawade Phata to Marketyard Depot (UP),107.74234693877551,162.21868805590827,8,66,0.16026139194439432,0.5919085754387116,0.28975554699268946,184
500,281,Nigdi Bhakti Shakti to Ganpati Matha (UP),102.69592476489028,165.67549460207482,8,56,0.15267173233173625,0.6045218782759497,0.2882267761150003,185
226,160,Shaniwarwada Stand to Manjari Budruk (DOWN),113.07086614173228,154.25973584958962,10,40,0.1682753165817811,0.5628677040145558,0.2866530328116135,186
642,326,Pimprigaon to Nageshwar Vidyalaya Chikhli (DOWN),108.82716049382717,156.8691578159158,8,25,0.16189291727904556,0.5723890437400644,0.2850417552173512,187
402,214,Shingad Collage Ambegaon to Katraj (UP),103.57142857142857,161.49152076253253,7,11,0.15398846241341635,0.5892552648868513,0.2845685031554468,188
641,326,Nageshwar Vidyalaya Chikhli to Pimprigaon (UP),103.13888888888889,158.9262421204023,7,26,0.1533379363879816,0.5798949966904808,0.2813050544787314,189
119,133,Ma Na Pa Shramik Bhavan to Anand Park Vadgaon Sheri Road (DOWN),106.99386503067484,154.37702353079806,9,24,0.1591356987873465,0.5632956669399906,0.2803836892331397,190
135,139A,Bhekrai Nagar to Nigdi Bhakti Shakti Stand (DOWN),104.18052256532067,156.30283701142955,12,59,0.15490452054855972,0.5703226348408059,0.27952995483623355,191
503,282,Ganpati Matha to Bhosari Terminal (DOWN),100.77747989276139,156.99526164713856,13,51,0.149786451817463,0.5728491753068461,0.27670526886427793,192
328,192,Hadapsar Gadital to Vadachi Wadi (DOWN),106.77966101694915,150.14508904987042,7,27,0.15881354271402864,0.5478540532765109,0.2755256958827733,193
405,215,Chintamani Dnyanpith to Swargate (DOWN),105.0,147.3327210536387,7,29,0.15613698873595314,0.5375921977886573,0.27057355145176437,194
404,215,Swargate to Chintamani Dnyanpith (UP),105.0,147.3205663928043,7,30,0.15613698873595314,0.537547847485584,0.2705602463608424,195
633,323,Nageshwar Vidyalaya Chikhli to Ma Na Pa Main Stand (UP),95.96730245231608,155.0328857025526,11,48,0.14255209682465442,0.5656887971546398,0.26949310692365,196
118,133,Anand Park Vadgaon Sheri Road to Ma Na Pa Shramik Bhavan (UP),98.87005649717514,151.48458538628898,8,25,0.1469177472559153,0.5527416490140725,0.26866491778336243,197
654,329,Siddhanta College Sudumbare to Pimpri Road (UP),104.05325443786982,145.60114863875958,10,48,0.15471311330326604,0.5312739827072555,0.26768137412446286,198
299,180,Bhekrai Nagar to Na Ta Wadi (UP),94.3050193050193,152.62147155416923,9,35,0.1400520754564209,0.5568899544906527,0.26510343916669044,199
671,333,Pune Station Moledina Stand to Hinjawadi Maan Phase 3 (DOWN),99.06458797327394,147.61426511523422,11,63,0.14721031645378746,0.5386195044844482,0.26463307286298565,200
586,308,Nigdi Pawale Chowk to Gharkul Vasahat Chikhali (DOWN),95.0,150.61977223948284,8,12,0.14109730447819557,0.5495860920071618,0.2636439407368854,201
554,301A,Katraj to Bhekrai Nagar (DOWN),91.83848797250859,149.7689647070781,10,37,0.1363424902111382,0.5464816391200527,0.25938423488381257,202
174,148A,Bhosari Terminal to Bhekrai Nagar (UP),90.49382716049382,149.2647373544321,11,65,0.13432016280649,0.5446417987318782,0.2574166535841065,203
634,323,Ma Na Pa Main Stand to Nageshwar Vidyalaya Chikhli (DOWN),94.86646884272997,144.43979417103998,10,46,0.14089647783380416,0.527036396540054,0.2567384534456791,204
730,355,Nageshwar Vidyalaya Chikhli to Radha Hotel (UP),84.50242718446601,152.9866730640733,10,48,0.12530928641635056,0.5582225130760167,0.2551832544142504,205
502,282,Bhosari Terminal to Ganpati Matha (UP),89.79274611398964,144.06197637875707,10,50,0.13326575904863788,0.5256578032726216,0.250983372315833,206
403,214,Katraj to Shingad Collage Ambegaon (DOWN),90.0,143.2504438219038,8,11,0.13357746234931678,0.5226966581332675,0.250313221084502,207
597,312,Chinchwadgaon to Pune Station Depot (UP),90.66481994459834,141.8306937005967,10,46,0.13457733055481866,0.5175162298986846,0.24945900035797844,208
134,139A,Nigdi Bhakti Shakti Stand to Bhekrai Nagar (UP),90.26726057906458,142.2033874854776,11,58,0.13397941382168446,0.5188761265291375,0.2494484276339204,209
463,236,Katraj to Wagholi Kesnand Phata (DOWN),91.02439024390245,140.96566850499465,11,51,0.1351181129318188,0.5143598991615569,0.24889064880074022,210
585,308,Gharkul Vasahat Chikhali to Nigdi Pawale Chowk (UP),91.25,140.68441727198464,8,12,0.13545742288153648,0.5133336609477824,0.24882029430141026,211
523,292,Balaji Nagar Corner Satara Road to Kondhanpur (DOWN),83.95545893719807,142.01274509938344,12,39,0.12448666344255765,0.5181805046835685,0.2425948158148609,212
363,203,Pune Station Moledina Stand to Shewalewadi Depot (UP),76.32911392405063,146.9478509066259,10,27,0.1130168813387115,0.5361878716707644,0.23996817843832735,213
521,292,Kondhanpur to Balaji Nagar Corner Satara Road (UP),84.39349112426035,137.1768125454877,12,39,0.1251454500213728,0.5005350041361372,0.23776231625580213,214
168,146,Gokhale Nagar Police Line to Pune Station Jayprakash Stand (UP),83.35135135135135,135.51676781703793,10,22,0.12357810470767257,0.49447778149331445,0.23484800774336512,215
169,146,Pune Station Jayprakash Stand to Gokhale Nagar Police Line (DOWN),78.82513661202186,139.1965249260635,11,19,0.11677082065144018,0.5079045932525929,0.23411095243178598,216
655,329,Pimpri Road to Siddhanta College Sudumbare (DOWN),83.12949640287769,134.9985844583393,12,47,0.12324444187006607,0.49258701799781857,0.23404721470839182,217
175,148A,Bhekrai Nagar to Bhosari Terminal (DOWN),73.86748844375963,142.7034101827538,15,65,0.10931467434026874,0.5207006248405144,0.23273045949034243,218
265,168,Keshav Nagar to Shaniwarwada Stand (UP),83.719723183391,132.59268636580558,12,33,0.12413212431200536,0.48380830248933443,0.2320349777652041,219
647,327,Hinjawadi Maan Phase 3 to Alandi (UP),81.3091922005571,134.17223552463642,13,80,0.120506761824469,0.48957181040351966,0.23122627639818416,220
712,351,Jambe to Alandi (UP),132.75833333333333,84.48333333333333,1,4,0.19788464562144517,0.3082654044422586,0.2309988732676892,221
266,168,Shaniwarwada Stand to Keshav Nagar (DOWN),76.69381107491857,138.30698093243132,13,32,0.11356537433858727,0.5046587975654806,0.23089340130665525,222
445,228,Katraj to Vadgaon Mawal (DOWN),72.30386740331491,139.0240215939655,18,88,0.10696303766556126,0.5072751577492965,0.22705667369068183,223
468,24,Maharashtra Housing Board Samta Nagar to Katraj (UP),75.29082774049218,133.85339507491068,12,46,0.11145533170172038,0.48840841549106445,0.2245412568385236,224
679,336,Wagholi Kesnand Phata to Bhakti Shakti Stand (DOWN),75.4054054054054,133.57648990538945,13,54,0.11162765289204898,0.4873980353284137,0.2243587676229584,225
462,236,Kesnand Phata Wagholi to Katraj (UP),73.9921722113503,134.6171475302972,14,51,0.10950219478993188,0.4911952191156866,0.22401010208765826,226
236,161,Wagholi Kesnand Phata to Zilla Parishad Shala Karegaon (DOWN),75.9536541889483,132.65398596004326,14,59,0.11245220175196748,0.48403197434819994,0.2239261335308372,227
70,120,Endurance Systems Chakan Mahalunge to Bhosari Chakan Road (UP),71.19212962962963,135.76637376087666,19,43,0.10529101915619637,0.4953885513954092,0.2223202788279602,228
459,234,Ma Na Pa Shramik Bhavan to Dhole Patil Collage (DOWN),76.6452442159383,130.36079042274875,14,40,0.11349233131614184,0.47566449141544076,0.2221439793459315,229
139,139,Shewalewadi Depot to Nigdi Bhakti Shakti (DOWN),73.34760273972603,129.40741331944858,13,61,0.10853278265639002,0.472185779499858,0.2176286817094304,230
598,312,Pune Station Depot to Chinchwadgaon (DOWN),71.88524590163935,130.68933941565544,14,47,0.10633344414469038,0.47686331116108066,0.21749240424960747,231
458,234,Dhole Patil Collage to Ma Na Pa Shramik Bhavan (UP),73.83211678832117,128.64812489565014,13,41,0.1092614764873219,0.46941526437201564,0.21730761285273004,232
357,201,Alandi to Bhekrai Nagar (UP),71.67877906976744,130.4523314712316,14,67,0.10602292454858508,0.4759985092296088,0.21701559995289216,233
291,177,Bhangire Nagar Mahamadwadi to Pune Station Depot (UP),71.16363636363636,130.00880986941968,12,28,0.10524816618379525,0.4743801738660883,0.21598776848848317,234
116,133A,Columbia Hospital to Ma Na Pa Shramik Bhavan (UP),74.78260869565217,126.52308155560486,13,31,0.1106909863049031,0.46166134038689366,0.21598209252950024,235
360,202,Shewalewadi Depot to Ganpati Matha (DOWN),72.48269896193771,128.43419321913572,15,57,0.10723199468326222,0.4686346638419261,0.21565279543086135,236
648,327,Alandi to Hinjawadi Maan Phase 3 (DOWN),72.89383561643835,127.23359451569985,16,86,0.10785033123031026,0.4642538820914328,0.21477139648864702,237
440,228,Vadgaon Mawal to Katraj (UP),70.35126234906696,129.17058997441634,18,87,0.10402638131596217,0.4713216511403662,0.21421496226328335,238
68,11,Pimplegurav to Marketyard Depot (UP),70.88636363636364,128.52859531491828,14,42,0.10483115675664835,0.4689791211341329,0.2140755460698937,239
469,24,Katraj to Maharashtra Housing Board Samta Nagar (DOWN),73.46666666666667,126.03152997517799,14,44,0.10871185104315761,0.4598677517491601,0.21405862125495834,240
546,2A,Shivaji Nagar to Katraj (UP),73.43478260869566,126.00056355559715,12,23,0.1086638984266836,0.4597547605178773,0.2139911570540417,241
96,126,Pimple Nilakh to Bopkhel (UP),70.61630218687873,128.5213869557283,15,48,0.10442499286360381,0.4689528190497645,0.213783340719452,242
117,133A,Ma Na Pa Shramik Bhavan to Columbia Hospital (DOWN),70.55045871559633,126.69829044598892,14,31,0.10432596636175162,0.4623006480150979,0.2117183708577555,243
358,201,Bhekrai Nagar to Alandi (DOWN),71.11576011157601,125.45869689094349,19,69,0.10517616181235201,0.45777758064176866,0.210956587461177,244
138,139,Nigdi Bhakti Shakti to Shewalewadi Depot (UP),70.96062992125984,125.29469373123946,19,60,0.1049428509042319,0.4571791608308872,0.21061374388222848,245
292,177,Pune Station Depot to Bhangire Nagar Mahamadwadi (DOWN),67.34113712374582,128.109134526146,13,27,0.09949924801944805,0.46744857961077263,0.20988404749684542,246
100,126,Bopkhel to Pimple Nilakh (DOWN),69.81113320079523,123.85175447671429,15,48,0.10321404413112034,0.4519141193684866,0.20782406670233022,247
242,163,Pune Station Ambedkar Putala to Dhole Patil Collage (DOWN),66.04651162790698,126.55766429043115,15,35,0.09755217215050216,0.4617875269412982,0.20682277858774095,248
281,174,Nda 10 No. Gate to Pune Station Moledina Stand (UP),70.39522058823529,122.04020733133866,15,51,0.10409249311972404,0.44530409001237564,0.2064559721875195,249
69,11,Marketyard Depot to Pimplegurav (DOWN),65.09656652360515,126.85967740628519,15,42,0.09612348470741196,0.46288952175651554,0.20615329582214303,250
255,166,Lohgaon Airport to Pune Station Ambedkar Putala (UP),67.89370078740157,120.94241483945427,13,23,0.10033028632281728,0.4412984307521143,0.20262072965160635,251
359,202,Ganpati Matha to Shewalewadi Depot (UP),66.1896551724138,119.39346670902775,15,52,0.09776745552179403,0.4356465808185651,0.19913119311082533,252
256,166,Pune Station Ambedkar Putala to Lohegaon Airport (DOWN),63.96193771626297,119.73043480441574,14,25,0.09441703880619372,0.4368761204462106,0.19715476329819878,253
282,174,Pune Station Moledina Stand to Nda 10 No. Gate (DOWN),58.77235772357724,121.19080797751599,15,49,0.08661207435415678,0.4422047753309102,0.19328988464718277,254
944,72,Sukhsagar Nagar to Nda 10 No. Gate (DOWN),133.59629629629632,49.211111111111116,1,9,0.19914491545971102,0.17956302706316346,0.19327034894074674,255
352,19,Yewalewadi to Swargate (DOWN),60.229885057471265,119.69198713541685,14,28,0.08880414944403853,0.43673583140023936,0.19318365403089877,256
604,313,Chinchwadgaon to Chandkhed (DOWN),59.872262773722625,119.9081081616851,17,44,0.08826629682092675,0.4375244204975492,0.19304373392391347,257
547,2A,Katraj to Shivaji Nagar (DOWN),60.80701754385965,118.90661482513167,14,23,0.08967213848105611,0.4338701405791565,0.19293153911048622,258
364,203,Shewalewadi Depot to Pune Station Moledina Stand (DOWN),59.41935483870968,119.15961778601542,14,28,0.08758513758688398,0.4347933056223041,0.19174758799751002,259
80,123,Nigdi Bhakti Shakti to Ma Na Pa Main Stand (UP),59.29061784897025,118.96466682615367,15,36,0.08739152121908646,0.4340819625192678,0.19139865360914085,260
81,123,Ma Na Pa Main Stand to Nigdi Bhakti Shakti (DOWN),60.68181818181818,117.20445439086517,15,34,0.08948384259361847,0.4276592448439649,0.19093646326872238,261
194,152,Ma Na Pa Daphale Garage to Lohegaon (DOWN),57.9317697228145,117.33639106438896,16,37,0.08534785654192366,0.4281406594664693,0.18818569741928734,262
223,15,Dsk Vishwa to Bhekrai Nagar (UP),56.34317862165963,115.56774895172728,16,56,0.0829586656843184,0.4216871833231677,0.18457722097597318,263
603,313,Chandkhed to Chinchwadgaon (UP),57.7112676056338,114.07688431138365,17,44,0.08501622831986719,0.4162472702279908,0.18438554089230424,264
200,155,Pune Station Moledina Stand to Dimond Water Park (DOWN),57.45704467353952,112.97294107441463,17,45,0.08463388505688925,0.41221916793847946,0.1829094699213663,265
241,163,Dhole Patil Collage to Pune Station Ambedkar Putala (UP),57.995735607675904,112.38209387847849,16,36,0.08544405921308203,0.4100632663821311,0.18282982136379675,266
198,154,Pune Station Moledina Stand to Dimond Water Park (DOWN),56.79054054054054,113.26041767339397,17,45,0.08363148388520975,0.4132681214605002,0.18252247515779685,267
197,154,Dimond Water Park to Pune Station Moledina Stand (UP),56.22754491017964,113.69587390881227,18,50,0.08278475623329723,0.41485702766521265,0.18240643766287185,268
713,351,Alandi to Jambe (DOWN),126.85333333333332,44.51083121261718,2,13,0.18900371206723934,0.16241250012805533,0.18102634848548416,269
365,204,Chinchwadgaon to Bhekrai Nagar (UP),52.408088235294116,114.46618225172654,19,60,0.07704041399065094,0.41766775261538486,0.1792286155780711,270
577,305,Vadgaon Mawal to Nigdi Pawale Chowk (UP),55.27910685805423,111.33108493732749,19,46,0.08135833534909635,0.406228312391407,0.17881932846178952,271
224,15,Bhekrai Nagar to Dsk Vishwa (DOWN),52.854330708661415,113.59301462109298,17,54,0.07771154858083544,0.414481711509015,0.1787425974592893,272
41,115,Pune Station Moledina Stand to Hinjawadi Maan Phase 3 (DOWN),54.6948051948052,111.40492619386757,21,56,0.08047956409644155,0.4064977466562938,0.1782850188643972,273
800,371,Takve Bhoyregaon to Nigdi Pawale Chowk (UP),170.0,0.0,1,7,0.25389493641137734,0.0,0.17772645548796412,274
40,115,Hinjawadi Maan Phase 3 to Pune Station Moledina Stand (UP),54.87057220708447,110.62431479418554,19,54,0.08074391213320252,0.40364942759333994,0.17761556677124374,275
176,148,Pimplegurav to Shewalewadi Depot (UP),53.18860244233379,109.24958203245907,19,54,0.07821428271390801,0.39863326009528943,0.17433997592832243,276
578,305,Nigdi Pawale Chowk to Vadgaon Mawal (DOWN),53.041158536585364,108.10906204271213,20,46,0.07799253173508933,0.39447169541688554,0.17293628083962817,277
199,155,Dimond Water Park to Pune Station Moledina Stand (UP),51.62534435261708,109.06993702975335,18,50,0.07586319190563555,0.39797776584298983,0.17249756408684183,278
366,204,Bhekrai Nagar to Chinchwadgaon Aundh Road / Chinchwadgaon (DOWN),51.278538812785385,109.0348203178608,24,60,0.07534160732384457,0.39784963089652026,0.17209401439564725,279
346,199,Kothrud Depot to Shewalewadi Depot (DOWN),51.75501432664756,107.4320385584455,21,48,0.07605821145234856,0.3920013511494439,0.17084115336147715,280
351,19,Swargate to Yewalewadi (UP),51.54336734693877,106.21229600617374,19,27,0.07573990107745575,0.3875507167301326,0.1692831457732588,281
418,21,Sangvi Vasantdada Putala to Swargate (UP),51.386792452830186,105.83985692343752,18,36,0.07550441738044725,0.3861917494647574,0.16871061700574028,282
801,371,Nigdi Pawale Chowk to Takve Bhoyregaon (DOWN),160.0,0.0,1,14,0.23885525215361975,0.0,0.1671986765075338,283
419,21,Swargate to Sangvi Vasantdada Putala (DOWN),50.08474576271186,105.61920910945575,19,35,0.07354618026962345,0.38538664288417274,0.16709831905398823,284
191,152,Lohegaon to Ma Na Pa Daphale Garage (UP),49.75778546712803,104.4044436357631,18,38,0.07305444230858306,0.3809541689833991,0.16542436031102786,285
71,120,Bhosari Chakan Road to Endurance Systems Chakan Mahalunge (DOWN),46.372262773722625,105.87259302892171,21,43,0.06796272307295403,0.3863111979807993,0.1634672655453076,286
606,314,Nigdi to Chakan Ambethan Chowk (DOWN),46.46616541353384,104.04002375125579,24,57,0.06810394967832709,0.37962446241700204,0.16156010349992955,287
460,235,Kharadi Gaon to Katraj (UP),47.06535947712418,102.17360708288327,21,48,0.06900511863087924,0.3728142234452092,0.16014785007517823,288
605,314,Chakan Ambethan Chowk to Nigdi Pawale Chowk (UP),46.932668329177055,102.19992379929391,21,50,0.06880555533398683,0.3729102486954904,0.1600369633424379,289
148,140,Pune Station Jayprakash Stand to Upper Depot (UP),45.95634095634096,102.4182609364667,20,29,0.06733718979202075,0.37370692400693645,0.15924811005649545,290
461,235,Katraj to Kharadi Gaon (DOWN),46.0253164556962,101.32812274187005,23,48,0.06744092676520314,0.36972919398379234,0.1581274069307799,291
270,169,Shaniwarwada Stand to Keshav Nagar (DOWN),44.533029612756266,102.37007882664741,20,26,0.06519657447122089,0.37353111563167124,0.15769693681935598,292
630,322,Ma Na Pa Main Gate to Akurdi Railway Station (DOWN),44.79815455594002,101.95145381128586,23,52,0.06559531401465485,0.372003623704229,0.1575178069215271,293
566,302,Pimprigaon to Bhosari Gavhane Vasti (DOWN),44.43627450980392,101.86552709171954,20,25,0.06505105785134789,0.3716900916273755,0.15704276798415617,294
698,345,Hinjawadi Maan Phase 3 to Bhosari Terminal (UP),150.0,0.0,1,19,0.22381556789586218,0.0,0.15667089752710353,295
833,381,Megapolis Phase 3 to Nageshwar Vidyalaya Chikhli (UP),150.0,0.0,1,16,0.22381556789586218,0.0,0.15667089752710353,296
780,366,Nigdi Bhakti Shakti to Pune Station Depot (UP),150.0,0.0,1,10,0.22381556789586218,0.0,0.15667089752710353,297
182,151,Alandi to Pune Station Moledina Stand (UP),45.31869688385269,99.19501026401578,24,42,0.06637819324011532,0.361945827078605,0.15504848339166222,298
111,130,Narhegaon to Swargate (DOWN),44.4,99.82755905699555,20,21,0.06499650213394229,0.36425389071439956,0.15477371870807946,299
569,303,Akurdi Railway Station to Nigdi Pawale Chowk (UP),43.77813504823151,99.30054886178966,19,18,0.06406123688138592,0.3623309195843502,0.1535421416922752,300
345,199,Shewalewadi Depot to Kothrud Depot (UP),42.44994110718493,100.0406999869954,22,48,0.06206367513074519,0.36503160594410483,0.15295405437475307,301
629,322,Akurdi Railway Station to Ma Na Pa Main Gate (UP),43.29875518672199,99.01860046639838,26,55,0.06334026470572285,0.3613021375428768,0.15272882655686904,302
511,290,Jambhulwadi to Swargate (DOWN),43.2312925170068,98.95097969292293,21,25,0.06323880298055266,0.3610554007693423,0.15258378231718955,303
110,130,Swargate to Narhegaon (UP),42.69230769230769,99.24304343073341,22,21,0.062428186822232924,0.36212109198566583,0.1523360583712628,304
684,340,Alandi to Nigdi Pawale Chowk (UP),145.0,0.0,1,13,0.21629572576698342,0.0,0.1514070080368884,305
685,340,Nigdi Pawale Chowk to Alandi (DOWN),145.0,0.0,1,13,0.21629572576698342,0.0,0.1514070080368884,306
570,303,Nigdi Pawale Chowk to Akurdi Railway Station (DOWN),43.857142857142854,97.09091711048912,20,16,0.06418006213137831,0.3542683467832085,0.15120654752692736,307
321,188,Katraj Kondhwa Road to Hadapsar Gadital (UP),42.1124828532236,98.64046140875142,21,42,0.061556148571769935,0.35992237203242955,0.15106601560996782,308
635,324,Hinjawadi Maan Phase 3 to Bhosari Terminal (UP),42.411533420707734,98.22280886721917,23,44,0.0620059111829764,0.3583984284976285,0.15092366637737203,309
371,207A,Saswad to Hadapsar Gadital (UP),42.76315789473684,97.69118671182702,25,41,0.06253474328964619,0.35645862910434667,0.15071190903405635,310
183,151,Pune Station Moledina Stand to Alandi (DOWN),42.396142433234424,97.9947934297115,24,38,0.06198276362377503,0.3575664387040316,0.15065786614785198,311
247,165,Vadgaon Sheri to Ma Na Pa Dengle Pul Nadikhathi (UP),39.424882629107984,97.31917284341955,21,22,0.057514082693592206,0.35510121337418976,0.14679022189777147,312
267,169,Keshav Nagar to Shaniwarwada Stand (UP),41.23246492985972,95.46616796036393,22,27,0.06023262940091391,0.3483399117402349,0.14666481410271018,313
686,341,Urse Gaon Vasudev Aashram to Nigdi Pawale Chowk (UP),140.0,0.0,1,27,0.20877588363810462,0.0,0.14614311854667322,314
565,302,Bhosari Gavhane Vasti to Pimprigaon (UP),38.95228215767635,96.90475747767987,21,25,0.05680330650655229,0.35358908174672676,0.14583903907860463,315
473,256,Pune Station Moledina Stand to Balewadi Depot (DOWN),39.015544041450774,96.66187080642001,25,41,0.056898450382304115,0.3527028293346192,0.14563976406799864,316
510,290,Swargate to Jambhulwadi (UP),39.562899786780385,94.74251424386244,22,25,0.05772165614094681,0.3456994216365441,0.144114985789626,317
387,209,Katraj Kondhwa Road to Saswad (DOWN),40.11025358324146,94.20978993433772,28,48,0.05854485896855276,0.3437556006691123,0.14410808147872062,318
248,165,Ma Na Pa Dengle Pul Nadikathi to Vadgaon Sheri (DOWN),40.205128205128204,93.8580888771442,22,21,0.05868754740427783,0.3424723029539196,0.14382297406917036,319
494,276,Chinchwadgaon to Ganpati Matha (UP),38.850868232890704,95.09511021321869,24,52,0.05665078316574068,0.34698598473496567,0.14375134363650818,320
177,148,Shewalewadi Depot to Pimplegurav (DOWN),39.21077959576516,94.54256995139276,26,54,0.05719207849158178,0.344969858706766,0.14352541255613704,321
636,324,Bhosari Terminal to Hinjawadi Maan Phase 3 (DOWN),38.957617411225655,93.28701537916982,27,45,0.05681133055943395,0.3403885522793961,0.14188449707542258,322
866,50,Sinhgad to Shaniwarwada Stand (UP),91.640625,42.4830002182012,3,60,0.13604491054785514,0.1550132875618586,0.14173542365205616,323
472,256,Balewadi Depot to Pune Station Moledina Stand (UP),35.92021189894051,91.73789801865085,27,39,0.052243168572679854,0.33473608485384193,0.13699104345702848,324
323,189,Dhangar Vasti to Hadapsar Gadital (UP),36.61147902869757,90.25680691988835,22,22,0.053282812509611116,0.32933183376002634,0.13609751888473567,325
411,216,Bharati Vidyapeeth to Shivaji Nagar (DOWN),35.71713147410359,90.22639337364768,24,24,0.051937742025832,0.32922085987011823,0.13512267737911787,326
372,207A,Hadapsar Gadital to Saswad (DOWN),35.3921568627451,90.03666604065647,27,41,0.05144899047117008,0.3285285768986649,0.1345728663994185,327
73,121,Ma Na Pa Main Stand to Bhosari Terminal (DOWN),35.7479674796748,89.05636262889641,27,29,0.051984118404588144,0.324951615434443,0.1338743675135446,328
149,140,Upper Depot to Pune Station Jayprakash Stand (DOWN),34.9,89.37637772266618,24,28,0.0507088020890726,0.32611929642448323,0.13333195038969578,329
386,209,Saswad to Katraj Kondhwa Road (UP),35.06776379477251,88.82930050622247,30,48,0.050961113539398785,0.3241231041255505,0.1329097107152443,330
55,118,Vadgaon Budruk Stand to Swargate Natraj Stand (UP),34.168377823408626,89.64651883673005,24,22,0.04960846543588184,0.3271049956919922,0.13285742451271496,331
545,29,Swargate to Alandi (DOWN),33.71961805555556,88.38514778971948,32,51,0.04893354491427237,0.32250246593118964,0.13100422121934754,332
505,283,Kumbare Park to Pune Station Moledina Stand (DOWN),125.0,0.0,1,9,0.18621635725146826,0.0,0.13035145007602778,333
322,188,Hadapsar Gadital to Katraj Kondhwa Road (DOWN),33.57446808510638,87.7738513151277,29,42,0.048715243941714524,0.3202719484132473,0.13018225528317434,334
324,189,Hadapsar Gadital to Dhangar Vasti (DOWN),33.62903225806452,87.0233655136608,25,22,0.04879730673502213,0.3175335525665237,0.12941818048447262,335
178,149,Nigdi Bhakti Shakti Stand to Hadapsar Gadital (UP),28.668376865671643,91.78271022575154,35,86,0.04133663765370899,0.3348995970236487,0.1294055254646909,336
60,119,Alandi to Ma Na Pa Daphale Garage (UP),33.952429149797574,86.43268292128074,32,44,0.049283685449182664,0.3153782516207312,0.12911205530064723,337
538,298,Chinchwadgaon to Gujarwadi Pmt Bus Stand (UP),33.065561959654175,86.95721973100656,33,60,0.047949865197350526,0.31729219778520124,0.12875256497370574,338
740,358A,Bhamchandra Vidhyalay Vasuli to Bhosari Chakan Road (UP),71.25,49.539014161069375,3,55,0.10537805436602135,0.18075948987215812,0.12799248501786237,339
666,331,Pimple Saudagar- Mahadev Mandir / Pimple Saudagar to Bhosari Gavhane Vasti (UP),33.18014705882353,86.10147044469728,27,36,0.04812219756856562,0.31416971327332155,0.1279364522799924,340
544,29,Alandi to Swargate (UP),32.93913043478261,86.12747721665956,32,50,0.04775971617592101,0.3142646075886956,0.1277111835997534,341
539,298,Gujarwadi Pmt Bus Stand to Chinchwadgaon Aundh Road / Chinchwadgaon (DOWN),32.66344725111441,85.25830658265404,33,58,0.047345097372166696,0.311093150847472,0.1264695134147583,342
72,121,Bhosari Terminal to Ma Na Pa Main Stand (UP),31.923076923076923,85.27579880404369,30,30,0.046231603775417074,0.3111569770068873,0.12570921574485816,343
6,100,Hinjawadi Maan Phase 3 to Ma Na Pa Dengle Pul Nadikathi (UP),31.476,85.30593828383336,34,52,0.04555921419921641,0.3112669508746369,0.12527153520184256,344
1009,87,Sutarwadi Depot to Deccan Gymkhana (UP),120.0,0.0,1,23,0.1786965151225895,0.0,0.12508756058581263,345
890,55,Shanipar Stand to Suncity (UP),120.0,0.0,1,15,0.1786965151225895,0.0,0.12508756058581263,346
286,175,Shaniwarwada Stand to Hadapsar Gadital (DOWN),120.0,0.0,1,29,0.1786965151225895,0.0,0.12508756058581263,347
222,159,Ma Na Pa Shramik Bhavan to Talegaon Dhamdhere Bazar (DOWN),31.40920554854981,84.50744064304175,44,65,0.045458757453218306,0.3083533679409046,0.12432714059952418,348
221,159,Talegaon Dhamdhere Bazar to Ma Na Pa Shramik Bhavan (UP),29.96954933008526,85.58433936952373,34,67,0.0432935599566759,0.31228278938255766,0.12399032878444041,349
667,331,Bhosari Gavhane Vasti to Pimple Saudagar (DOWN),31.017543859649123,83.66365650740961,28,35,0.04486971063952567,0.3052745422415643,0.12299116012013725,350
607,315,Bhosari Pmt Chowk to Pune Station Sassoon Road (UP),30.860113421550096,83.45097698573453,32,43,0.04463294023136869,0.30449851061285144,0.12259261134581351,351
61,119,Ma Na Pa Daphale Garage to Alandi (DOWN),30.906515580736542,83.17102511544941,32,43,0.04470272761367292,0.3034770135540492,0.1223350133957858,352
57,118,Swargate Natraj Stand to Vadgaon Budruk Stand (DOWN),30.33264033264033,83.35287409495321,30,19,0.043839637360201994,0.3041405497451814,0.12192991107569581,353
906,61,Sarola to Balaji Nagar Corner Satara Road (UP),74.76923076923077,40.06275125926249,3,55,0.11067086632596296,0.14618220816736424,0.12132426887838332,354
7,100,Ma Na Pa Dengle Pul Nadikhathi to Hinjawadi Maan Phase 3 (DOWN),29.716039907904836,83.3044263293181,36,51,0.04291228979007989,0.3039637720367439,0.12122773446407908,355
552,2,Swargate to Shivaji Nagar (DOWN),27.83108108108108,84.30203073843427,28,11,0.040077371230649646,0.30760386191620226,0.12033531843631542,356
495,276,Ganpati Matha to Chinchwadgaon Aundh Road / Chinchwadgaon (DOWN),29.90580847723705,81.64014258078302,35,50,0.043197695726560174,0.2978910819260848,0.11960571158641756,357
297,17,Narhegaon to Shivaji Nagar (UP),29.442857142857143,81.97222826831184,31,41,0.04250143153698204,0.2991028064726489,0.11948184401768211,358
213,158,Pride World City Lohegaon to Ma Na Pa Dengle Pul Nadikathi (UP),29.158576051779935,82.08437218456062,33,36,0.04207388175195684,0.2995120006691157,0.1193053174271045,359
608,315,Pune Station Sassoon Road to Bhosari Pmt Chowk (DOWN),29.595375722543352,81.63753212641177,35,40,0.04273081466517426,0.29788155681928824,0.11927603731140846,360
541,299,Gujarwadi Pmt Bus Stand to Bhosari Terminal (DOWN),29.666666666666668,81.38520031854405,36,53,0.04283803399417947,0.29696084070006173,0.11907487600594416,361
39,114,Ma Na Pa Main Gate to Bajirao Padale Chowk Mhalunge (DOWN),29.33996383363472,81.55290414940664,31,43,0.042346683248687934,0.29757276363453444,0.11891450736444188,362
540,299,Bhosari Terminal to Gujarwadi Pmt Bus Stand (UP),29.14388489208633,80.98334283314199,37,53,0.04205178671163962,0.2954945306554894,0.11808460989479455,363
38,114,Bajirao Padale Chowk Mhalunge to Ma Na Pa Main Gate (UP),28.8135593220339,81.26275742646234,34,43,0.041554987484054395,0.29651406728145474,0.1180427114232745,364
214,158,Ma Na Pa Dengle Pul Nadikhathi to Pride World City Lohegaon (DOWN),28.654906284454245,80.99995220931078,33,34,0.04131637832488118,0.2955551354619073,0.11758800546598902,365
843,42,Gujarwadi Pmt Bus Stand to Nigdi Bhakti Shakti (DOWN),59.85507246376812,50.05123121313355,5,36,0.08824044313752587,0.18262848332313605,0.11655685519320892,366
179,149,Hadapsar Gadital to Nigdi Bhakti Shakti Stand (DOWN),27.5604670558799,80.44406046250396,48,87,0.039670376281174986,0.29352678043146124,0.11582729752626086,367
571,304,Bhosari Gavhane Vasti to Chinchwadgaon (UP),27.68075639599555,79.94910252484051,32,33,0.039851287650666326,0.29172076257189455,0.11541213012703479,368
572,304,Chinchwadgaon to Bhosari Gavhane Vasti (DOWN),28.08651026392962,79.33763882146783,33,25,0.04046152865667555,0.2894896348643948,0.11516996051899131,369
891,55,Suncity to Shanipar Stand (DOWN),110.0,0.0,1,18,0.16365683086483193,0.0,0.11455978160538234,370
767,362,Alandi to Ycm Hospital (DOWN),110.0,0.0,1,15,0.16365683086483193,0.0,0.11455978160538234,371
836,38,Dhankawadi to Na Ta Wadi (DOWN),110.0,0.0,1,23,0.16365683086483193,0.0,0.11455978160538234,372
588,309,Alandi to Sant Tukaram Maharaj Krida Sankul Dehugaon (DOWN),26.927570093457945,79.21258168651292,35,46,0.03871851923292298,0.2890333225153879,0.11381296021766245,373
557,301,Shewalewadi Depot to Katraj (UP),26.718889883616832,77.88305572240353,39,39,0.03840467078623769,0.284182106981247,0.11213790164474048,374
13,103,Katraj to Kothrud Depot (DOWN),26.82046138415246,77.63976167505666,36,35,0.03855743111600193,0.28329436812265035,0.11197851221799646,375
10,103,Kothrud Depot to Katraj (UP),26.4726368159204,77.90950477173713,33,35,0.03803431394767183,0.2842786150919979,0.11190760429096966,376
298,17,Shivaji Nagar to Narhegaon (DOWN),27.042572463768117,77.32418128221482,36,39,0.03889147916675885,0.2821428686067683,0.11186689599876168,377
513,291,Katraj Kondhwa Road to Hadapsar Gadital (DOWN),26.764418377321604,77.34646571207789,36,36,0.03847314420324279,0.28222418072495137,0.11159845515975536,378
551,2,Shivaji Nagar to Swargate (UP),26.744479495268138,76.7944878452544,32,11,0.03844315675418911,0.28021010678106284,0.11097324176225123,379
587,309,Sant Tukaram Maharaj Krida Sankul Dehugaon to Alandi (UP),25.98815692079941,77.09400615847831,38,46,0.03730567148248671,0.28130299848314017,0.11050486958268274,380
285,175,Hadapsar Gadital to Shaniwarwada Stand (UP),105.0,0.0,1,1,0.15613698873595314,0.0,0.10929589211516719,381
766,362,Ycm Hospital to Alandi (UP),105.0,0.0,1,37,0.15613698873595314,0.0,0.10929589211516719,382
835,38,Na Ta Wadi to Dhankawadi (UP),105.0,0.0,1,7,0.15613698873595314,0.0,0.10929589211516719,383
568,303A,Nigdi Pawale Chowk to Gahunjegaon (DOWN),105.0,0.0,1,3,0.15613698873595314,0.0,0.10929589211516719,384
560,301,Katraj to Shewalewadi Depot (DOWN),24.74455611390285,76.74293363045545,37,39,0.03543533513464503,0.2800219941646608,0.10881133284364974,385
464,24A,Lohegaon to Katraj (UP),24.77160927617709,75.18285619536223,39,46,0.03547602223652288,0.2743295352793944,0.10713207614938433,386
705,348,Pune Station Moledina Stand to Nigdi Bhakti Shakti (DOWN),45.06024096385542,54.875101955033976,4,50,0.0659894836969846,0.20022997235721512,0.10626163029505376,387
262,167,Bhekrai Nagar to Wagholi Kesnand Phata (DOWN),23.86120996441281,73.66860616344323,40,35,0.03410681041678142,0.26880429284282453,0.10451605514459435,388
465,24A,Katraj to Lohegaon (DOWN),24.114765570328903,73.331129861439,42,45,0.034488150042257665,0.2675728988551305,0.10441357468611952,389
142,13,Shivaji Nagar to Upper Depot (UP),23.60939431396786,73.08326805810947,37,25,0.03372808762939603,0.2666684930269692,0.10361020924866798,390
792,369,Bhamchandra Vidhyalay Vasuli to Nigdi Tilak Chowk (UP),50.108695652173914,47.352885315791795,4,44,0.0735822001471752,0.17278267520276716,0.10334234266385278,391
45,117,Dhayareshwar Mandir to Swargate Natraj Stand (UP),23.35185185185185,72.81425005086042,39,33,0.033340751898077,0.2656868917864064,0.10304459386457582,392
757,35,Ma Na Pa Dengle Pul Nadikhathi to Mukai Chowk (DOWN),50.30769230769231,46.86980740470186,4,33,0.07388148483390984,0.17102000555227284,0.10302304104941874,393
145,13,Upper Depot to Shivaji Nagar (DOWN),23.26060606060606,71.98072295960624,39,25,0.033203521109058415,0.2626454923084141,0.10203611246886511,394
512,291,Hadapsar Gadital to Katraj Kondhwa Road (UP),22.850806451612904,71.88119850350215,41,37,0.032587195436237455,0.2622823443891461,0.10149574012211005,395
739,357,Pune Station Sassoon Road to Bhosari Terminal (DOWN),52.616279069767444,41.57719075043039,3,33,0.07735352643223474,0.15170814190871207,0.09965991107517794,396
259,167,Kesnand Phata Wagholi to Bhekrai Nagar (UP),22.24020442930153,70.46495360513399,43,34,0.031668869273966324,0.25711470612063464,0.09930262032796683,397
1013,87,Deccan Gymkhana to Sutarwadi Depot (DOWN),95.0,0.0,1,20,0.14109730447819557,0.0,0.09876811313473689,398
47,117,Swargate Natraj Stand to Dhayareshwar Mandir (DOWN),21.738138686131386,69.92340131144638,43,31,0.030913778248574785,0.255138673331048,0.09818124677331674,399
913,64,Bhekrai Nagar to Nda 10 No. Gate (DOWN),45.27472527472528,45.71264496445059,3,61,0.06631206132835714,0.1667977153847907,0.09645775754528721,400
773,363,Samir Lawns Ravet to Pimpri Road (UP),90.0,0.0,2,38,0.13357746234931678,0.0,0.09350422364452174,401
777,363,Pimpri Road to Samir Lawns Ravet (DOWN),90.0,0.0,2,39,0.13357746234931678,0.0,0.09350422364452174,402
815,374,Virbaba Chowk Sai Nagar to Nigdi Pawale Chowk (UP),90.0,0.0,1,10,0.13357746234931678,0.0,0.09350422364452174,403
816,374,Nigdi Pawale Chowk to Virbaba Chowk Sai Nagar (DOWN),90.0,0.0,1,17,0.13357746234931678,0.0,0.09350422364452174,404
907,61,Balaji Nagar Corner Satara Road to Sarola (DOWN),52.5,29.27700218845599,2,55,0.07717864638272592,0.10682683275377323,0.08607310229404011,405
899,59,Shanipar Stand to Niljyoti Society (DOWN),80.0,0.0,2,19,0.11853777809155921,0.0,0.08297644466409144,406
898,59,Niljyoti Society to Shanipar Stand (UP),80.0,0.0,1,18,0.11853777809155921,0.0,0.08297644466409144,407
695,343,Chakan Ambethan Chowk to Talegaon Dhabhade Maruti Mandir (DOWN),34.39252336448598,42.90572311065313,3,52,0.04994557325244061,0.15655573195020375,0.08192862086176955,408
752,35,Mukai Chowk to Ma Na Pa Dengle Pul Nadikathi (UP),35.42553191489362,41.62466425624606,4,35,0.051499185495810076,0.15188136470773228,0.08161383925938673,409
885,52,Manerwadi Phata Khanapur to Swargate (UP),37.36040609137056,33.489825683691535,5,56,0.05440917516508026,0.12219871366049213,0.0747460367137038,410
851,43,Katraj to Nigdi Bhakti Shakti (DOWN),32.81512605042017,37.619787051924504,6,65,0.04757321749718214,0.13726824467066265,0.07448172564922628,411
850,43,Nigdi Bhakti Shakti Stand to Katraj (UP),31.0,38.193256370919265,4,61,0.04484332522854714,0.13936073729116152,0.07319854884733146,412
861,4,Swargate to Shivaji Nagar (DOWN),70.0,0.0,2,12,0.10349809383380165,0.0,0.07244866568366115,413
860,4,Shivaji Nagar to Swargate (UP),70.0,0.0,2,13,0.10349809383380165,0.0,0.07244866568366115,414
678,336,Nigdi Bhakti Shakti to Kesnand Phata Wagholi (UP),38.10344827586207,30.367210732708543,2,16,0.05552668714957494,0.11080481947092162,0.07211012684597895,415
895,57,Pune Station Jayprakash Stand to Vadgaon Budruk Stand (DOWN),63.421052631578945,5.428967140306371,3,36,0.0936035647168559,0.019809383521920798,0.07146531035837536,416
694,343,Talegaon Dhabhade Maruti Mandir to Chakan Ambethan Chowk (UP),33.19875776397515,33.83578355007025,5,51,0.048150187481495084,0.12346105544308297,0.07074344786997144,417
1031,94,Matalwadi Bhugaon to Pune Station Moledina Stand (DOWN),59.31506849315068,6.683056337420209,3,40,0.08742829421592371,0.024385343043186902,0.06851540886410266,418
1028,94,Pune Station Moledina Stand to Matalwadi Bhugaon (UP),62.62820512820513,2.512870632268763,3,41,0.09241114710532654,0.009169040226088826,0.06743851504155522,419
894,57,Vadgaon Budruk Stand to Pune Station Jayprakash Stand (UP),62.279411764705884,2.508764268774059,2,37,0.09188657289950354,0.009154056799730784,0.06706681806957171,420
784,367,Mukai Chowk to Bhosari Gavhane Vasti (UP),38.44827586206897,24.977303672125675,2,33,0.056045296951566584,0.09113795957820002,0.06657309573955661,421
1044,99,Kekan Gas to Kothrud Depot (UP),27.5748502994012,34.930465727949155,6,39,0.039692008225291266,0.12745536569322588,0.06602101546567166,422
873,50,Shaniwarwada Stand to Sinhgad (DOWN),52.0,10.861220083163552,2,58,0.07642666216983804,0.0396307563820019,0.0653878904334872,423
787,367,Bhosari Gavhane Vasti to Mukai Chowk (DOWN),36.16822429906542,25.09020931401158,3,51,0.05261617139166859,0.09154993318277416,0.06429629992900025,424
1016,8,Pune Station Moledina Stand to Deccan Gymkhana (UP),60.0,0.0,2,15,0.0884584095760441,0.0,0.06192088670323087,425
1048,AP2,Upper Depot to Katraj Kondhwa Road (UP),60.0,0.0,2,12,0.0884584095760441,0.0,0.06192088670323087,426
1017,8,Deccan Gymkhana to Pune Station Moledina Stand (DOWN),60.0,0.0,2,14,0.0884584095760441,0.0,0.06192088670323087,427
1049,AP2,Katraj Kondhwa Road to Upper Depot (DOWN),60.0,0.0,2,12,0.0884584095760441,0.0,0.06192088670323087,428
842,42,Nigdi Bhakti Shakti to Gujarwadi Pmt Bus Stand (UP),23.357142857142858,31.38552831260706,3,59,0.03334870940297529,0.11452048820974282,0.05770024304500554,429
807,372,Nigdi Bhakti Shakti Stand to Megapolis Phase 3 (DOWN),32.072072072072075,22.728321024144666,3,47,0.046455687775099536,0.08293180200593542,0.057398522044350295,430
876,51,Dsk Vishwa to Shivaji Nagar (UP),38.153153153153156,12.91454303432459,4,38,0.055601441715627795,0.047122984789856256,0.05305790463789633,431
793,369,Nigdi Tilak Chowk to Bhamchandra Vidhyalay Vasuli (DOWN),27.11111111111111,22.89420928916916,3,41,0.03899455912830809,0.08353710024752155,0.052357321464072126,432
1041,98,Ganpati Matha to Wagholi Kesnand Phata (DOWN),28.543046357615893,19.532787853363466,5,57,0.04114814452680671,0.0712718415565428,0.05018525363572753,433
877,51,Shivaji Nagar to Dsk Vishwa (DOWN),37.17948717948718,10.398192882380542,5,38,0.05413707883398196,0.03794124838456089,0.04927832969915563,434
910,64,Nda 10 No. Gate to Bhekrai Nagar (UP),31.54639175257732,9.931033659859615,2,56,0.04566508117252772,0.03623666333816896,0.04283655582222009,435
746,358,Rajguru Nagar Low Collage to Bhosari Chakan Road (UP),17.855153203342617,22.401146466980716,10,50,0.025073890684714842,0.0817379973440215,0.04207312268250683,436
897,58,Shanipar Stand to Gokhale Nagar Police Line (DOWN),40.0,0.0,4,18,0.05837904106052896,0.0,0.04086532874237027,437
896,58,Gokhale Nagar Police Line to Shanipar Stand (UP),40.0,0.0,4,17,0.05837904106052896,0.0,0.04086532874237027,438
763,361,Alandi to Bhosari Pmt Chowk (DOWN),23.04964539007092,15.163078391340095,7,21,0.03288624292149308,0.055327510272986304,0.03961862312694105,439
762,361,Bhosari Pmt Chowk to Alandi (UP),21.145833333333332,16.006104058541762,9,21,0.03002296969954854,0.058403568449215855,0.03853714932444874,440
887,52,Swargate to Manerwadi Phata Khanapur (DOWN),23.536585365853657,12.575453761305234,5,54,0.03361858527031832,0.04588570534354326,0.0372987212922858,441
761,360,Alandi to Bajirao Padale Chowk Mhalunge (DOWN),35.0,0.0,1,85,0.050859198931650175,0.0,0.03560143925215512,442
747,358,Bhosari Chakan Road to Rajguru Nagar Low Collage (DOWN),15.127551020408163,18.97256212745802,11,50,0.020971663123504396,0.06922767256887027,0.03544846595711416,443
723,353,Chakan Ambethan Chowk to Shikrapur Phata (DOWN),30.0,0.0,1,27,0.04333935680277139,0.0,0.030337549761939968,444
722,353,Shikrapur Phata to Chakan Ambethan Chowk (UP),30.0,0.0,1,52,0.04333935680277139,0.0,0.030337549761939968,445
760,360,Bajirao Padale Chowk Mhalunge to Alandi (UP),30.0,0.0,2,41,0.04333935680277139,0.0,0.030337549761939968,446
741,358A,Bhosari Chakan Road to Bhamchandra Vidhyalay Vasuli (DOWN),30.0,0.0,1,55,0.04333935680277139,0.0,0.030337549761939968,447
804,372,Megapolis Phase 3 to Nigdi Bhakti Shakti Stand (UP),23.071428571428573,2.4513907828386587,2,43,0.03291900413846793,0.008944710646491822,0.025726716090875096,448
708,350,Sant Tukaram Maharaj Krida Sankul Dehugaon to Nigdi Tilak Chowk (UP),19.915254237288135,3.5719385551086025,10,29,0.028172217593676892,0.01303340007891241,0.023630572339247546,449
709,350,Nigdi Tilak Chowk to Sant Tukaram Maharaj Krida Sankul Dehugaon (DOWN),19.912280701754387,3.510993191332317,10,29,0.028167745490121212,0.012811020747130475,0.02356072806722399,450
704,348,Nigdi Bhakti Shakti to Pune Station Moledina Stand (UP),15.0,5.02518907629606,2,50,0.02077983041613504,0.01833606561061225,0.0200467009744782,451
738,357,Bhosari Terminal to Pune Station Sassoon Road (UP),20.0,0.0,1,31,0.028299672545013824,0.0,0.019809770781509674,452
1040,98,Kesnand Phata Wagholi to Ganpati Matha (UP),20.0,0.0,2,55,0.028299672545013824,0.0,0.019809770781509674,453
1045,99,Kothrud Depot to Kekan Gas (DOWN),13.333333333333334,4.733325636875141,3,41,0.018273216373175444,0.017271105249258945,0.017972583036000495,454
902,5,Pune Station Moledina Stand to Swargate (UP),9.788235294117648,6.008053881289822,18,15,0.012941500855915507,0.02192237316583178,0.01563576254889039,455
903,5,Swargate to Pune Station Moledina Stand (DOWN),9.647058823529411,6.00223338924541,18,14,0.01272917590168834,0.021901135174108084,0.01548076368341426,456
855,44,Katraj to Akurdi Railway Station (DOWN),6.116666666666666,0.0,1,1,0.007419577567160399,0.0,0.005193704297012279,457
727,354,Marketyard Depot to Pimprigaon (DOWN),1.1833333333333333,0.25927248643506745,1,2,0.0,0.0009460414822448933,0.000283812444673468,458
